1;Programming;Christos;Troussas;6971234567;troussas@gmail.com
2;Databases;Giorgos;Meletiou;6972345678;meletiou@gmail.com
3;Programming;Nikitas;Karanikolas;6973456789;karanikolas@gmail.com
4;Databases;Ioannis;Vogiatzis;6974567890;vogiatzis@gmail.com
5;Cybersecurity;Stefanos;Gkritzalis;6975678901;grkitzalis@gmail.com
6;Programming;Kostas;Efstathiou;6976789012;efstathiou@gmail.com
7;Cybersecurity;Vasilis;Mamalis;6978901234;mamalis@gmail.com
8;Programming;Kostas;Mavromatis;6979012345;mavromatis@gmail.com
